Tipo,Ticker,Descrição,DY (%),PL (R$)
Fiagro: Indefinido,AAGR11,ASSET BANK AGRONEGÓCIOS FIAGRO IMOBILIARIO,"6,49",-
FIInfra: Indefinido,AATH11,,-,-
Fiagro: Indefinido,AAZQ11,AZ Quest Sole,"17,73","208,9 M"
Tijolo: Shoppings,ABCP11,Grand Plaza Shopping,"9,54","480,0 M"
Fundo Misto: Educacional,AEFI11,FII AESAPAR,-,"342,1 M"
Papel: Papéis,AFCR11,FII AFINVCR,-,-
Papel: Papéis,AFHI11,AF INVEST CRI,"12,17","438,8 M"
Papel: Fundo de Fundos,AFOF11,ALIANZA FOF,-,-
Tijolo: Agências de Bancos,AGCX11,FII AG CAIXA,-,"1,3 B"
Outros: Outros,AGRX11,Exes Araguaia,-,-
Tijolo: Lajes Corporativas,AIEC11,AUTONOMY EDIFÍCIOS CORPORATIVOS FUND. INV. IMOB.,"16,07","407,8 M"
Sem categoria: Shoppings,AJFI11,,"7,67","387,6 M"
Tijolo: Lajes Corporativas,ALMI11,Torre Almirante,"0,96","240,9 M"
Outros: Indefinido,ALMI11B,FII TORRE AL,-,-
Papel: Papéis,ALZC11,FII ALI CRED,"4,84",-
Fundo Misto: Misto,ALZR11,Alianza Trust Renda Imobiliária,"9,45","1,3 B"
Fiagro: Indefinido,AMAZ11,BLOXS AMAZON GREEN LEG FDO INV NAS CAD PROD AGRO,-,-
Tijolo: Shoppings,ANCR11B,Ancar CI,"1,32","2,9 B"
Tijolo: Imóveis Residenciais,APTO11,NAVI RESIDENCIAL FUNDO DE INVESTIMENTO IMOBILIÁRIO,"11,57","46,4 M"
Sem categoria: Shoppings,APXM11,,"6,40","168,8 M"
Sem categoria: Imóveis Residenciais,APXR11,,-,"8,8 M"
Sem categoria: Imóveis Residenciais,APXU11,,-,"8,9 M"
Outros: Fundo de Fundos,AQLL11,FII AQUILLA,-,"141,1 M"
Tijolo: Imóveis Industriais e Logísticos,ARCT11,RIZA ARCTIUM REAL ESTATE FDO INV IMOB,"16,59","371,5 M"
Outros: Imóveis Industriais e Logísticos,ARFI11B,FII AQUIL RD,-,"74,3 M"
Sem categoria: Imóveis Industriais e Logísticos,AROA11,,"6,99","165,7 M"
Papel: Papéis,ARRI11,FDO. INV. IMOB. ÁTRIO REIT RECEBÍVEIS IMOBILIÁRIOS,"13,26","153,8 M"
Sem categoria: Papéis,ARXD11,,"12,33","64,3 M"
Tijolo: Lajes Corporativas,ASMT11,ASA METROPOLIS FUNDO DE INVESTIMENTO IMOBILIÁRIO,"1,22","98,3 M"
Sem categoria: Indefinido,ASRF11,,"2,36","28,6 M"
Tijolo: Lajes Corporativas,ATCR11,HAZ,-,"68,5 M"
Tijolo: Shoppings,ATSA11,Hedge Atrium Shopping Santo André,"1,29","133,6 M"
Outros: Indefinido,ATSA11B,FII CSHGATSA,-,-
Fundo Misto: Indefinido,ATWN11,FDO. INV. IMOB. A–TOWN,-,"328,9 M"
Tijolo: Imóveis Comerciais - Outros,AURB11,FII ALI URB,"1,29","69,4 M"
Fip:,AZIN11,,-,-
Tijolo: Serviços Financeiros Diversos,AZPL11,,-,"182,6 M"
Papel: Papéis,BARI11,FDO INV IMOB BARIGUI RENDIMENTOS IMOB I FII,"10,98","428,0 M"
Tijolo: Lajes Corporativas,BBFI11B,BB Progressivo,"50,55","195,9 M"
Papel: Fundo de Fundos,BBFO11,BB FUNDO DE FUNDOS,"10,62","320,8 M"
Fiagro: Indefinido,BBGO11,FIAGRO BBGO,"12,07","391,8 M"
Tijolo: Serviços Financeiros Diversos,BBIG11,,"2,53","960,6 M"
Papel: Papéis,BBIM11,BB Recebíveis Imobiliários,-,"12,5 M"
Tijolo: Agências de Bancos,BBPO11,BB Progressivo II,"11,08","1,6 B"
Tijolo: Agências de Bancos,BBRC11,BB Renda Corporativa,"11,79","163,4 M"
Tijolo: Indefinido,BBVJ11,FII C JARDIM,-,-
Papel: Fundo de Fundos,BCFF11,BTG Fundo de Fundos,"10,28","1,9 B"
Outros: Indefinido,BCFF11B,FII BC FFII,-,-
Papel: Fundo de Fundos,BCIA11,Bradesco Carteira Imobiliária Ativa,"9,88","393,6 M"
Papel: Papéis,BCRI11,Banestes Recebíveis Imobiliários,"15,25","543,4 M"
FIInfra: Indefinido,BDIF11,BTG PACTUAL DÍVIDA INFRA FIC. FDO. INC. IE. RF. CP,"14,43",-
FIInfra: Indefinido,BDIV11,,-,-
Sem categoria: Indefinido,BETW11,,-,"251,7 M"
Papel: Fundo de Fundos,BICE11,BRIO CRÉDITO ESTRUTURADO,"10,48","105,9 M"
Papel: Papéis,BICR11,INTER TÍTULOS IMOB. FDO INV. IMOB.,"7,21","22,2 M"
FIInfra: Indefinido,BIDB11,INTER INFRA FIC INFRA RENDA FIXA CRÉDITO PRIVADO,"12,77",-
Fundo Misto: Indefinido,BIME11,BRIO MULTIESTRATÉGIA FUNDO DE INVESTIMENTO IMOB,"13,33","49,9 M"
Fundo Misto: Indefinido,BIPD11,FII BRIO IV,"7,98","79,8 M"
Sem categoria: Imóveis Residenciais,BIPE11,,-,-
Fundo Misto: Indefinido,BLCA11,BLUEMACAW CATUAÍ TRIPLE A FDO DE INV IMOB,"18,43","193,5 M"
Tijolo: Imóveis Industriais e Logísticos,BLCP11,BLUECAP RENDA LOG. FDO INV. IMOB. - FII,"0,62","256,6 M"
Papel: Papéis,BLMC11,BLUEMACAW CRÉDITO IMOBILIÁRIO,"5,20","37,8 M"
Tijolo: Imóveis Industriais e Logísticos,BLMG11,BLUEMACAW LOGÍSTICA,"13,94","308,4 M"
Tijolo: Lajes Corporativas,BLMO11,BLUEMACAW OFFICE FUND II - FDO. INVEST. IMOB.,"542,99","103,5 M"
Papel: Fundo de Fundos,BLMR11,BLUEMACAW RENDA + FOF,"2,45","206,0 M"
Sem categoria: Misto,BLOG11,,-,"145,9 M"
Papel: Papéis,BLUR11,FII BLUE REC,"11,52","7,7 M"
Tijolo: Lajes Corporativas,BMII11,Brasilio Machado,-,"67,6 M"
Tijolo: Lajes Corporativas,BMLC11,BM Brascan Lajes Corporativas,"9,07","98,7 M"
Tijolo: Indefinido,BMLC11B,FII BMBRC LC,-,-
Tijolo: Agências de Bancos,BNFS11,Banrisul Novas Fronteiras,"13,76","59,2 M"
FIInfra: Indefinido,BODB11,BOCAINA INFRA - FDO INV COTAS FDO INV INFRA RF CP,"10,00",-
Papel: Fundo de Fundos,BPFF11,Brasil Plural Absoluto Fundo de Fundos,"10,82","338,7 M"
Fundo Misto: Misto,BPLC11,FII BASILICA,-,"328,8 M"
Tijolo: Shoppings,BPML11,FDO INV IMOB BTG PACTUAL SHOPPINGS,"9,35","958,4 M"
Tijolo: Imóveis Industriais e Logísticos,BPRP11,FDO INV IMOB - FII BRLPROP,"10,26","169,5 M"
Tijolo: Imóveis Industriais e Logísticos,BRCO11,BRESCO LOGÍSTICA - FDO INV IMOB,"9,13","1,9 B"
Tijolo: Lajes Corporativas,BRCR11,BTG Pactual Corporate Office,"10,67","2,4 B"
Tijolo: Lajes Corporativas,BREV11,BRAZIL REAL ESTATE VICTORY FUND I - FDO. INV. IMOB,"0,55","113,9 M"
Fiagro: Misto,BRFT11,,"2,50",-
Tijolo: Hotéis,BRHT11B,BR Hotéis,-,"124,1 M"
Fundo Misto: Fundo de Desenvolvimento,BRIM11,BRIO REAL ESTATE II - FDO INV IMOB,"26,98","104,4 M"
Fundo Misto: Fundo de Desenvolvimento,BRIP11,BRIO REAL ESTATE III,"26,09","223,3 M"
Fundo Misto: Indefinido,BRIX11,FII BRIX,-,"122,5 M"
Tijolo: Imóveis Industriais e Logísticos,BRLA11,FUNDO DE INVESTIMENTO IMOBILIÁRIO BRL PROP II,"8,73","626,0 M"
Outros: Lajes Corporativas,BROF11,BRPR CORPORATE OFFICES FDO DE INV IMOB,"13,21","1,3 B"
Outros: Indefinido,BROL11,FII BR PROPE,-,-
Sem categoria: Indefinido,BRSE11,,-,"36,5 M"
FIInfra: Outros,BRZD11,,-,-
Fiagro:,BRZP11,,-,-
Fidc: Indefinido,BTAG11,BTG PACTUAL CRÉDITO AGRÍCOLA FIAGRO - DIREITOS CREDITÓRIOS,-,-
Tijolo: Imóveis Industriais e Logísticos,BTAL11,BTG PACTUAL AGRO LOGÍSTICA,"10,81","674,8 M"
Outros: Papéis,BTCI11,FII BTG CRI,"11,51","1,0 B"
Papel: Papéis,BTCR11,BTG Pactual Crédito Imobiliário,"1,02","458,3 M"
Outros: Indefinido,BTGM11,FII BTGMALLS,-,-
Sem categoria: Hotéis,BTHI11,,"9,80","582,2 M"
Tijolo: Imóveis Industriais e Logísticos,BTLG11,BTG PACTUAL LOGISTICA FDO INV IMOB - FII,"8,92","4,5 B"
Tijolo: Lajes Corporativas,BTML11,,"6,30","131,2 M"
Fundo Misto: Indefinido,BTRA11,FDO INV IMOB BTG PACTUAL TERRAS AGRÍCOLAS,"10,84","371,8 M"
Tijolo: Imóveis Industriais e Logísticos,BTSG11,BTSP I FDO. INVEST. IMOB,"6,89","112,6 M"
Fundo Misto: Misto,BTSI11,BTSP II FUNDO DE INVESTIMENTO IMOBILIÁRIO,"7,69","387,7 M"
Fundo Misto: Fundo de Desenvolvimento,BTWR11,BTOWERS FII,"6,11","92,1 M"
Tijolo: Incorporações,BTYU11,,"3,19","203,4 M"
Tijolo: Varejo,BVAR11,Brasil Varejo,"14,21","543,3 M"
Fundo Misto: Misto,BZEL11,BARZEL FUNDO DE INVESTIMENTO IMOBILIÁRIO,-,"507,4 M"
Fundo Misto: Misto,BZLI11,Brazil Realty,-,"798,2 M"
Papel: Papéis,CACR11,CARTESIA FII,"15,89","478,7 M"
Fiagro: Misto,CAFE11,,-,-
Fundo Misto: Misto,CARE11,Brazilian Graveyard and Death Care,-,"250,6 M"
Tijolo: Lajes Corporativas,CBOP11,Castello Branco Office Park,"5,14","101,8 M"
Fiagro: Indefinido,CCFA11,CANVAS FDO DE INV NAS CAD PROD AGRO,-,-
Sem categoria: Indefinido,CCLB11,,-,-
Fundo Misto: Indefinido,CCME11,FII CANUMA,"9,95","720,7 M"
Papel: Papéis,CCRF11,CANVAS CRI,"2,35","146,5 M"
Tijolo: Indefinido,CCVA11,,-,"62,0 M"
FIInfra: Indefinido,CDII11,Sparta Infra CDI FICFI Infra Renda Fixa CP,"13,22",-
Sem categoria: Lajes Corporativas,CENU11,,-,"111,6 M"
Tijolo: Lajes Corporativas,CEOC11,Cyrela Commercial Properties,"11,82","131,7 M"
Outros: Indefinido,CEOC11B,FII CEO CCP,-,-
Fundo Misto: Fundo de Desenvolvimento,CFHI11,CF2 FUNDO DE INVESTIMENTO IMOBILIÁRIO,"28,40","60,3 M"
Fundo Misto: Indefinido,CFII11,FII CF3 IMOB,"11,76","104,1 M"
Sem categoria: Misto,CIXM11,,"8,41","236,9 M"
Sem categoria: Indefinido,CIXR11,,-,-
Tijolo: Lajes Corporativas,CJCT11,CIDADE JARDIM CONTINENAL TOWER,"2,65","225,5 M"
Fundo Misto: Misto,CJFI11,FDO INV IMOB CJ,-,"276,0 M"
Sem categoria: Fundo de Fundos,CLIN11,,"10,70","426,2 M"
Tijolo: Lajes Corporativas,CNES11,CENESP,"6,19","262,1 M"
Outros: Indefinido,CNES11B,FII CENESP,-,-
Sem categoria: Lajes Corporativas,COPP11,,"0,73","243,3 M"
Tijolo: Lajes Corporativas,CORM11,CORE METROPOLIS FUNDO DE INVESTIMENTO IMOBILIÁRIO,-,-
Papel: Fundo de Fundos,CPFF11,CAPITÂNIA REIT FOF - FDO. INVEST. IMOB,"11,13","203,2 M"
Sem categoria: Fundo de Fundos,CPFO11,,-,"90,5 M"
Tijolo: Misto,CPLG11,,-,"322,0 M"
Sem categoria: Misto,CPOF11,,"5,73","243,3 M"
Sem categoria: Indefinido,CPSH11,,"12,04","722,0 M"
FIInfra: Indefinido,CPTI11,CAPITÂNIA INFRA FDO. INV. FDO. IE. RF. CRED. PRIV.,"14,68",-
Fiagro: Indefinido,CPTR11,Capitania Agro Strategies,"15,18","405,6 M"
Papel: Papéis,CPTS11,Capitania Securities II,"10,41","2,8 B"
Papel: Papéis,CPTS11B,FII CAPI SEC,-,-
Fiagro: Indefinido,CRAA11,SPARTA FIAGRO FDO INV NAS CAD PROD AGRO,"14,36","237,8 M"
Papel: Fundo de Fundos,CRFF11,CAIXA RIO BRAVO FDO DE FDOS INV IMOB II,"10,10","60,2 M"
Sem categoria: Indefinido,CSMC11,,-,"1,2 B"
FIInfra:,CTEM11,,-,-
Papel: Papéis,CTNP11,FII FED HY,-,-
Tijolo: Lajes Corporativas,CTXT11,Centro Têxtil Internacional,-,"107,9 M"
Papel: Papéis,CVBI11,FDO INV. IMOB. VBI CRI,"11,65","1,0 B"
Fundo Misto: Indefinido,CVPR11,FII CVPAR,-,"3,8 M"
Tijolo: Agências de Bancos,CXAG11,FII CAIXA AG,"11,88","241,4 M"
Tijolo: Lajes Corporativas,CXCE11B,Caixa Cedae,"11,34","110,4 M"
Fundo Misto: Indefinido,CXCI11,FDO DE INVST IMOB CAIXA CARTEIRA IMOBILIÁRIA,"11,59","190,2 M"
Tijolo: Lajes Corporativas,CXCO11,FDO. INV. IMOB. CAIXA IMÓVEIS CORPORATIVOS,"12,12","399,4 M"
Papel: Fundo de Fundos,CXRI11,Caixa Rio Bravo,"9,64","138,9 M"
Tijolo: Imóveis Industriais e Logísticos,CXTL11,Caixa TRX Logística Renda,"11,48","21,4 M"
Fundo Misto: Indefinido,CYCR11,CYRELA CRÉDITO - FUNDO DE INVESTIMENTO IMOBILIÁRIO,"13,07","155,4 M"
Tijolo: Imóveis Industriais e Logísticos,CYLD11,FII CYLD,-,"146,0 M"
Sem categoria: Misto,DAMA11,,"2,39","45,3 M"
Tijolo: Shoppings,DAMT11B,DIAMANTE FDO INV IMOB,"2,69","239,5 M"
Outros: Misto,DCRA11,Devant,-,-
Papel: Papéis,DEVA11,DEVANT RECEBÍVEIS IMOBILIÁRIOS,"16,64","1,4 B"
Tijolo: Varejo,DLMT11,DEL MONTE AJAX FDO INV IMOB,-,"7,8 M"
Fundo Misto: Fundo de Desenvolvimento,DMAC11,FII MAC,-,"778,3 K"
Tijolo: Lajes Corporativas,DOMC11,FII DOMO,-,"248,3 M"
Tijolo: Lajes Corporativas,DOVL11B,DOVEL FDO INV IMOB,"7,76","53,4 M"
Tijolo: Indefinido,DPRO11,FII DEVA PRO,"9,34","46,4 M"
Tijolo: Lajes Corporativas,DRIT11B,Multigestão Renda Comercial,"16,34","59,4 M"
Papel: Fundo de Fundos,DVFF11,FDO. INVEST. IMOB. DEVANT FOF IMOBILIÁRIOS,"11,66","97,9 M"
Outros: Lajes Corporativas,DVLP11,,-,"47,7 M"
Tijolo: Lajes Corporativas,EDFO11B,Edifício Ouroinvest,"9,23","52,8 M"
Tijolo: Lajes Corporativas,EDGA11,Edifício Galeria,"5,09","238,8 M"
Outros: Indefinido,EDGA11B,FII GALERIA,-,-
Papel: Papéis,EDGE11,,-,"4,8 M"
Fiagro: Indefinido,EGAF11,Ecoagro I,"15,79","309,5 M"
Tijolo: Imóveis Comerciais - Outros,EGDB11,,-,"38,9 M"
Fundo Misto: Fundo de Desenvolvimento,EGYR11,ENERGY RESORT FDO. INVEST. IMOB,-,"93,0 M"
Tijolo: Shoppings,ELDO11B,Eldorado,"16,46","1,3 B"
Fundo Misto: Misto,EMET11,,-,"49,2 M"
FIInfra: Indefinido,ENDD11,,-,-
Fiagro: Fiagro,EQIA11,FIAGRO EQIA,-,-
Papel: Papéis,EQIN11,FII NCH EQI,-,-
Fundo Misto: Indefinido,EQIR11,EQI RECEBÍVEIS IMOBILIÁRIOS FDO DE INV IMOBILIÁRIO,"13,03","107,8 M"
Tijolo: Varejo,ERCR11,ESTOQUE RESIDENCIAL E COMERCIAL RJ,"8,93","72,3 M"
Tijolo: Lajes Corporativas,ERPA11,EUROPA 105 - FDO INV IMOB,"6,86","71,1 M"
Fundo Misto: Misto,ESTQ11,FDO INV IMOB POLO ESTOQUE II,-,"851,7 K"
Fip: Indefinido,ESUD11,,-,-
Fip: Indefinido,ESUT11,,-,-
Fip: Indefinido,ESUU11,,-,-
Tijolo: Imóveis Industriais e Logísticos,EURO11,EUROPAR,"9,21","129,7 M"
Fundo Misto: Misto,EVBI11,VBI CONSUMO ESSEN,"9,05","241,2 M"
Fundo de Fundos: Indefinido,EXES11,FII EXES,"10,74","54,1 M"
Tijolo: Educacional,FAED11,Anhanguera Educacional,"12,17","152,2 M"
Outros: Indefinido,FAED11B,FII ANH EDUC,-,-
Tijolo: Imóveis Industriais e Logísticos,FAGL11,FII FATOR GP,-,-
Tijolo: Lajes Corporativas,FAMB11B,Edifício Almirante Barroso,-,"264,7 M"
Sem categoria: Indefinido,FAOE11,,"2,28","62,2 M"
Outros: Misto,FARM11,SANTA FÉ TERRA MATER,-,-
Sem categoria: Indefinido,FARU11,,-,-
Tijolo: Lajes Corporativas,FATN11,FUNDO DE INVESTIMENTO IMOBILIÁRIO ATHENA I,"11,09","352,9 M"
Outros: Lajes Corporativas,FCAS11,FII CASTELO,-,"80,7 M"
Tijolo: Educacional,FCFL11,Campus Faria Lima,"9,38","426,8 M"
Outros: Indefinido,FCFL11B,FII CAMPUSFL,-,-
Papel: Papéis,FEXC11,BTG Pactual Fundo de CRI,"134,61","1,0 B"
Outros: Indefinido,FEXC11B,FII EXCELLEN,-,-
Tijolo: Indefinido,FFCI11,FII RIOB RC,-,-
Fiagro: Indefinido,FGAA11,FG/Agro,"14,92","432,7 M"
Tijolo: Shoppings,FGPM11,FDO INVEST IMOB GRAND PLAZA MALL,-,-
Tijolo: Shoppings,FIGS11,General Shopping Ativo e Renda,"9,60","231,7 M"
Tijolo: Imóveis Industriais e Logísticos,FIIB11,Industrial do Brasil,"8,40","323,5 M"
Tijolo: Imóveis Industriais e Logísticos,FIIP11B,RB Capital Renda I,"10,04","186,3 M"
Tijolo: Imóveis Industriais e Logísticos,FINF11,Infra Real State,-,"32,6 M"
Tijolo: Lajes Corporativas,FISC11,FDO INV IMOB SC 401,"7,43","205,1 M"
Papel: Papéis,FISD11,São Domingos,-,"64,3 M"
Tijolo: Shoppings,FIVN11,Vida Nova,-,"65,1 M"
Fundo de Fundos: Indefinido,FIXX11,FII FATORFIX,-,-
Outros: Indefinido,FLCI11,FII LCI PREM,-,-
Papel: Papéis,FLCR11,FARIA LIMA CAPITAL RECEB. IMOB. I,"13,39","60,3 M"
Fiagro: Indefinido,FLEM11,051 Agro Fazendas II,-,"413,4 M"
Sem categoria: Fundo de Desenvolvimento,FLFL11,,-,"495,7 M"
Tijolo: Lajes Corporativas,FLMA11,Continental Square Faria Lima,"8,33","299,7 M"
Fundo de Fundos: Fundo de Fundos,FLNR11,,-,"155,3 M"
Tijolo: Shoppings,FLRP11,Floripa Shopping,"8,10","164,9 M"
Outros: Indefinido,FLRP11B,FII FLORIPA,-,-
Tijolo: Lajes Corporativas,FMOF11,Memorial Office,"2,00","59,5 M"
Sem categoria:,FOEF11,,-,-
Fundo de Fundos: Fundo de Fundos,FOFT11,FII CSHGFOFT,-,"131,8 M"
Tijolo: Lajes Corporativas,FPAB11,Projeto Água Branca,"4,76","256,1 M"
Tijolo: Lajes Corporativas,FPNG11,Pedra Negra Renda Imobiliária,"1,59","401,8 M"
Fip: Indefinido,FPOR11,,-,-
Fundo Misto: Indefinido,FRHY11,FII FRONT,-,"2,4 M"
Fundo Misto: Misto,FTCE11B,Oportunity,"3,17","3,2 B"
Tijolo:,FTRE11,,-,-
Tijolo: Lajes Corporativas,FVBI11,FII VBI 4440,-,-
Outros: Indefinido,FVBI11B,FII VBI 4440,-,-
Tijolo: Shoppings,FVPQ11,Via Parque Shopping,"13,62","536,6 M"
Fiagro: Indefinido,FZDA11,051 Agro,"0,87","266,2 M"
Fiagro: Indefinido,FZDB11,051 AGRO FAZIII FDO INV NAS CAD PROD AGRO,"3,56","608,3 M"
Tijolo: Imóveis Industriais e Logísticos,GALG11,GUARDIAN LOGISTICA,"11,24","1,2 B"
Fundo Misto: Indefinido,GAME11,FDO DE INVEST IMOB GUARDIAN MULTIESTRATÉGIA I,"12,35","211,7 M"
Tijolo: Imóveis Industriais e Logísticos,GARE11,GUARDIAN LOGISTICA,"11,24","1,2 B"
Papel: Fundo de Fundos,GCFF11,GALAPAGOS FDO DE FDO - FII FDO INV. IMOB.,"1,08","27,9 M"
Sem categoria: Indefinido,GCOI11,,"0,81","10,8 M"
Fiagro: Indefinido,GCRA11,FIAGRO GLPG,"18,18","152,1 M"
Papel: Papéis,GCRI11,GALAPAGOS RECEBÍVEIS IMOBILIÁRIOS,"15,66","126,3 M"
Tijolo: Educacional,GESE11B,FDO INV IMOB GENERAL SEVERIANO,"80,55","58,2 M"
Tijolo: Imóveis Industriais e Logísticos,GGRC11,GGR Covepi Renda,"10,08","1,2 B"
Sem categoria: Imóveis Industriais e Logísticos,GLOG11,,"10,63","81,5 M"
Outros: Indefinido,GLPL11,FII GLP LOG,-,-
Tijolo: Imóveis Industriais e Logísticos,GRLV11,FII LOUVEIRA,-,"6,4 M"
Tijolo: Logística,GRUL11,,-,"237,6 M"
Fiagro: Indefinido,GRWA11,GREENWICH AGRO FIAGRO,"16,65","28,1 M"
Tijolo: Shoppings,GSFI11,GENERAL SHOP E OUTLETS DO BRASIL FDO INV IMOB,-,"1,2 B"
Tijolo: Imóveis Industriais e Logísticos,GTLG11,GTIS BRAZIL LOGISTICS,"1,31","434,8 M"
Tijolo: Lajes Corporativas,GTWR11,FDO INV IMOB GREEN TOWERS,"11,59","1,2 B"
Sem categoria: Indefinido,GURB11,,"3,24","131,2 M"
Sem categoria: Indefinido,GVBI11,,-,-
Outros: Shoppings,GWIR11,FII GWI RI,-,"91,2 M"
Fundo Misto: Indefinido,GZIT11,FII GAZIT,"14,09","2,1 B"
Tijolo: Lajes Corporativas,HAAA11,HEDGE AAA,"8,20","258,7 M"
Papel: Papéis,HABT11,HABITAT II - FDO INV IMOB,"13,83","777,5 M"
Fundo Misto: Indefinido,HBCR11,HBC RENDA URBANA,"6,81","175,3 M"
Tijolo: Lajes Corporativas,HBRH11,FDO.INVEST. IMOB. MULTI RENDA URBANA,"10,27","312,6 M"
Papel: Papéis,HBTT11,Habitat I,-,-
Papel: Papéis,HCHG11,HECTARE RECEBÍVEIS HIGH GRADE,"11,58","115,5 M"
Fundo Misto: Indefinido,HCPR11,FII HECT PRP,-,-
Fidc: Indefinido,HCRA11,HEDGE CRÉDITO AGRO FIAGRO-DIREITOS CREDITÓRIOS,-,-
Tijolo: Hospitalar,HCRI11,Hospital da Criança,"11,46","64,3 M"
Outros: Indefinido,HCRI11B,FII CRIANCA,-,-
Fundo Misto: Fundo de Desenvolvimento,HCST11,HECTARE DESENV. STUDENT HOUSING,-,"53,6 M"
Papel: Papéis,HCTR11,HECTARE CE - FDO INV IMOB,"14,26","2,5 B"
Tijolo: Imóveis Industriais e Logísticos,HDEL11,FII HEDGE DV,"18,87","65,8 M"
Fundo Misto: Fundo de Desenvolvimento,HDOF11,FII HEDGE OF,-,"199,2 M"
Papel: Fundo de Fundos,HFOF11,Hedge Top FOFII 3,"10,75","1,8 B"
Fiagro: Indefinido,HGAG11,High Fundo de Investimento Agro,"12,00","5,9 M"
Tijolo: Misto,HGBL11,,"9,83","122,2 M"
Tijolo: Shoppings,HGBS11,CSHG Brasil Shopping,"10,34","2,9 B"
Papel: Papéis,HGCR11,CGHG Recebíveis Imobiliários,"11,48","1,5 B"
Papel: Fundo de Fundos,HGFF11,CSHG IMOB. FOF - FDO INV. IMOB. - FII,"9,80","256,9 M"
Papel: Papéis,HGIC11,HGI CRÉDITOS IMOBILIÁRIOS,"11,39","53,5 M"
Tijolo: Lajes Corporativas,HGJH11,FII CSHGJHSF,-,"604,3 M"
Tijolo: Imóveis Industriais e Logísticos,HGLG11,CGHG Logística,"8,15","5,3 B"
Tijolo: Lajes Corporativas,HGPO11,CSHG PRIME OFFICES FDO INV IMOB,"6,22","604,3 M"
Tijolo: Lajes Corporativas,HGRE11,CSHG Real Estate,"9,05","1,8 B"
Tijolo: Imóveis Residenciais,HGRS11,FII CSHG RSD,-,"59,0 M"
Fundo Misto: Misto,HGRU11,CSHG Renda Urbana,"9,47","2,3 B"
Sem categoria: Indefinido,HILG11,,"8,48","98,8 M"
Sem categoria: Misto,HLMB11,,-,"68,8 M"
Tijolo: Imóveis Industriais e Logísticos,HLOG11,HEDGE LOGÍSTICA FDO. INV. IMOB.,"7,77","492,8 M"
Tijolo: Shoppings,HMOC11,FII HEDMOCA,-,"91,2 M"
Tijolo: Lajes Corporativas,HOFC11,FII HOFFICEI,"3,03","264,0 M"
Tijolo:,HOMS11,,-,-
Tijolo: Imóveis Residenciais,HOSI11,FDO. INV. IMOB. HOUSI,"8,58","52,6 M"
Tijolo: Shoppings,HPDP11,HEDGE SHOPPING PARQUE DOM PEDRO FDO. DE INV. IMOB.,"7,10","314,0 M"
Fundo Misto: Fundo de Desenvolvimento,HRDF11,HEDGE REALTY DEVELOPMENT FDO INV IMOB,-,"11,8 M"
Papel: Papéis,HREC11,HEDGE RECEBIVEIS IMOB,"11,37","464,2 M"
Sem categoria: Imóveis Residenciais,HRES11,,"8,88","58,1 M"
Papel: Papéis,HSAF11,HSI ATIVOS FINANCEIROS FUNDO DE INVESTIMENTO IMOBI,"12,25","225,6 M"
Tijolo: Imóveis Industriais e Logísticos,HSLG11,HSI LOGÍSTICA,"10,27","1,3 B"
Tijolo: Shoppings,HSML11,HSI MALL FDO INV IMOB,"9,73","2,3 B"
Fundo Misto: Misto,HSRE11,HSI RENDA IMOB,"7,95","848,5 M"
Tijolo: Hotéis,HTMX11,Hotel Maxinvest,"15,67","203,7 M"
Outros: Indefinido,HTMX11B,FII HOTEL MX,-,-
Tijolo: Hospitalar,HUCG11,FII UNIMED C,"1,19","116,5 M"
Tijolo: Hospitalar,HUSC11,Hospital Unimed Sul Capixaba,"9,43","131,8 M"
Tijolo: Hospitalar,HUSI11,HUSI FDO INV. IMOB.,"8,05","138,3 M"
Fiagro: Indefinido,IAAG11,INTER AMERRA - FIAGRO,"11,02","52,6 M"
Fiagro: Indefinido,IAGR11,FIAGRO SFI,"7,17","25,0 M"
Tijolo: Indefinido,IBBP11,,-,"295,9 M"
Fundo Misto: Papéis,IBCR11,FDO DE INV IMOBILIÁRIO DE CRI INTEGRAL BREI,"16,20","86,5 M"
Papel: Fundo de Fundos,IBFF11,FDO INV. IMOB. FOF INTEGRAL BREI,"0,45","9,9 M"
Sem categoria: Imóveis Residenciais,ICNE11,,"17,34","103,9 M"
Sem categoria: Misto,ICRI11,,"5,41","388,8 M"
Fundo Misto: Indefinido,IDFI11,FII UNIDADES,"22,61","27,4 M"
Fiagro:,IDGO11,,-,-
Sem categoria: Misto,IDGR11,,"14,60","4,4 M"
Sem categoria: Imóveis Comerciais - Outros,IDUA11,,"2,78","32,5 M"
Fundo de Fundos: Indefinido,IFID11,FII IFI-D,-,-
Fundo de Fundos: Indefinido,IFIE11,FII IFI-E,-,-
FIInfra: Indefinido,IFRA11,ITAU FDO INV COTAS FDO INCENT DE INV INFR. RF CP,"11,89",-
FIInfra:,IFRI11,,-,-
Fundo Misto: Indefinido,IMOV11,,-,"496,3 M"
Sem categoria: Lajes Corporativas,INDE11,,-,"3,4 M"
FIInfra: Outros,INFA11,,-,-
FIInfra: Indefinido,INFB11,,-,-
Papel: Papéis,IRDM11,Iridium Recebíveis Imobiliários,"12,65","3,1 B"
Fundo Misto: Indefinido,IRIM11,IRIDIUM FUNDO DE INVESTIMENTO IMOBILIÁRIO,"13,49","167,5 M"
Sem categoria: Papéis,ISCJ11,,-,"43,8 M"
Papel: Papéis,ITIP11,FII INTER IP,"10,65","55,7 M"
Papel: Fundo de Fundos,ITIT11,FII INTER IT,"9,85","73,7 M"
Sem categoria: Shoppings,ITRI11,,"3,13","611,2 M"
Tijolo: Imóveis Comerciais - Outros,JASC11,FII JASC REN,"5,95","374,3 M"
Fundo Misto: Papéis,JBFO11,JBFO FOF FDO INV. IMOB.,"3,97","103,7 M"
Sem categoria: Papéis,JCCJ11,,"2,75","301,9 M"
Fundo Misto: Misto,JCDA11,FII JCDA I,-,"265,2 M"
Sem categoria: Imóveis Comerciais - Outros,JCDB11,,-,"206,2 M"
Papel: Fundo de Fundos,JCIN11,,"0,80","197,8 M"
Tijolo: Imóveis Residenciais,JFLL11,JFL LIVING FDO. INV. IMOB.,"10,46","156,0 M"
Fiagro: Indefinido,JGPX11,FIAGRO JGP,"15,74","203,7 M"
FIInfra: Outros,JMBI11,,-,-
Papel: Papéis,JPPA11,JPP ALLOCATION MOGNO - FDO INV IMOB,"15,01","87,9 M"
Fundo Misto: Fundo de Desenvolvimento,JPPC11,JPP Capital,"0,09","28,2 M"
Tijolo: Shoppings,JRDM11,Shopping Jardim Sul,"0,47","224,1 M"
Outros: Indefinido,JRDM11B,FII SHOPJSUL,-,-
Fundo Misto: Fundo de Fundos,JSAF11,JS ATIVOS FINANCEIROS FUNDO DE INVESTIMENTO IMOBIL,"11,92","744,8 M"
Papel: Papéis,JSCR11,,"0,68","213,0 M"
Fundo Misto: Misto,JSRE11,JS Real Estate Multigestão,"8,57","2,3 B"
Fundo Misto: Fundo de Desenvolvimento,JTPR11,JT Prev FII Desenvolvimento Habitacional,-,"15,7 M"
FIInfra: Indefinido,JURO11,SPARTA INFRA FIC FI INFRA RENDA FIXA CP,"14,55",-
Fundo Misto: Indefinido,KCRE11,FII KINEA CR,"11,29","360,2 M"
FIInfra: Indefinido,KDIF11,KINEA INFRA - FDO INV COTAS FDO INC. INV INF RF CP,"9,58",-
Fiagro:,KDOL11,,-,-
Fundo Misto: Fundo de Desenvolvimento,KEVE11,EVEN II KINEA,"0,21","113,8 M"
Papel: Indefinido,KFEN11,,-,-
Papel: Fundo de Fundos,KFOF11,FUNDO DE FDO INV IMOB KINEA FII,"10,86","658,3 M"
Fundo Misto: Fundo de Desenvolvimento,KINP11,Even Permuta Kinea,"60,58","26,4 M"
Papel: Fundo de Fundos,KISU11,KILIMA FIC FDO. IMOB. SUNO 30,"10,98","382,7 M"
Papel: Papéis,KIVO11,FII KIVO,"15,89","199,5 M"
Sem categoria: Logística,KLOG11,,-,"221,3 M"
Fiagro: Indefinido,KNCA11,FIAGRO KINEA,"12,57","2,2 B"
Papel: Papéis,KNCR11,Kinea Rendimentos Imobiliários,"11,86","7,0 B"
Sem categoria: Indefinido,KNHF11,,"11,50","2,0 B"
Papel: Papéis,KNHY11,Kinea High Yield CRI,"12,19","2,8 B"
Papel: Papéis,KNIP11,Kinea Índice de Preços,"10,09","7,7 B"
Fip: Indefinido,KNOX11,,-,-
Fundo Misto: Indefinido,KNPR11,FII KINEA PR,-,"55,0 M"
Fundo Misto: Fundo de Desenvolvimento,KNRE11,Kinea II Real Estate Equity,"9,21","14,7 M"
Fundo Misto: Misto,KNRI11,Kinea Renda Imobiliária,"7,61","4,6 B"
Papel: Papéis,KNSC11,KINEA SECURITIES FDO. DE INV. IMOB. - FII,"10,53","1,2 B"
Sem categoria: Indefinido,KNUQ11,,"11,82","1,5 B"
Fiagro: Indefinido,KOPA11,,"3,52","353,7 M"
Sem categoria: Imóveis Industriais e Logísticos,KOPI11,,-,-
Sem categoria: Lajes Corporativas,KORE11,,"9,22","1,0 B"
Tijolo: Misto,KRES11,,-,-
Fiagro:,LAFI11,,-,-
Tijolo: Shoppings,LASC11,LEGATUS SHOPPINGS FDO. INV. IMOB. - FII,"6,54","369,5 M"
Fundo Misto: Fundo de Desenvolvimento,LATR11B,Lateres,"202,33","1,2 M"
Fundo Misto: Indefinido,LAVF11,FII LAVOURA,-,"116,2 K"
Papel: Papéis,LFTT11,LOFT II FUNDO DE INVESTIMENTO IMOBILIÁRIO,"6,40","86,5 M"
Tijolo: Imóveis Industriais e Logísticos,LGCP11,LOGCP INTER FDO INV IMOB,"9,94","398,3 M"
Tijolo: Imóveis Comerciais - Outros,LIFE11,FII LIFE,"14,59","234,6 M"
Papel: Papéis,LKDV11,FUNDO DE INVESTIMENTO IMOBILIÁRIO DEVELOPMENT V1,-,"73,6 M"
Fundo Misto: Misto,LLAO11,FII BS2,"2,29","25,7 M"
Tijolo:,LOFT11,,-,-
Fundo Misto: Fundo de Desenvolvimento,LOFT11B,LOFT I - FDO INV IMOB,-,"14,3 M"
Fundo Misto: Indefinido,LPLP11,FII LAGO PDR,"18,21","189,9 M"
Fundo Misto: Indefinido,LRDI11,FII LEBLON,-,"35,7 M"
Tijolo: Fundo de Desenvolvimento,LRED11,,-,"6,9 M"
Outros: Misto,LSAG11,Leste,-,-
Sem categoria: Misto,LSOI11,,-,"12,1 M"
Papel: Papéis,LSPA11,LESTE RIVA EQUITY PREFERENCIAL I,"79,12","21,1 M"
Sem categoria: Imóveis Residenciais,LTMT11,,-,"10,0 M"
Fundo Misto: Fundo de Desenvolvimento,LUGG11,LUGGO FDO. INV. IMOB.,"9,03","132,9 M"
Tijolo: Imóveis Industriais e Logísticos,LVBI11,FDO INV IMOB - VBI LOGÍSTICO,"9,43","2,0 B"
Fundo Misto: Indefinido,MANA11,FII MANATI,"13,31","356,7 M"
Fundo Misto: Indefinido,MATV11,MORE GESTÃO ATIVA DE RECEBÍVEIS FDO DE INV IMOB,"0,69","39,9 M"
Fiagro: Papéis,MAVC11,MAV CRÉDITO - FIAGRO-IMOBILIÁRIO,-,-
Tijolo: Varejo,MAXR11,Max Retail,"11,47","145,6 M"
Outros: Indefinido,MAXR11B,FII MAX RET,-,-
Tijolo: Lajes Corporativas,MBRF11,Mercantil do Brasil,-,-
Papel: Papéis,MCCI11,FDO INV. MAUA CAPITAL RECEBIVEIS IMOB. - FII,"11,11","1,6 B"
Sem categoria: Shoppings,MCEM11,,-,"94,3 M"
Outros: Indefinido,MCFF11,FII MAUA FOF,-,-
Papel: Papéis,MCHF11,MAUÁ CAPITAL HEDGE FUND,"5,27","296,0 M"
Papel: Papéis,MCHY11,FDO DE INV IMOB MAUÁ CAPITAL HIGH YIELD - FII,"14,69","1,1 B"
Papel: Fundo de Fundos,MFAI11,MERITO FDO. AÇÕES IMOB. FII - FDO INV. IMOB.,"9,73","27,6 M"
Fundo Misto: Indefinido,MFCR11,FII MERITO R,"30,24","2,8 M"
Fundo Misto: Fundo de Desenvolvimento,MFII11,Mérito Desenvolvimento Imobiliário,"13,60","564,0 M"
Outros: Indefinido,MFVI11,FII MV9,-,-
Papel: Papéis,MGCR11,MOGNO CRI HIGH GRADE,"1,06","131,2 M"
Papel: Fundo de Fundos,MGFF11,Mogno Fundo de Fundos,"3,01","665,6 M"
Tijolo: Hotéis,MGHT11,FDO. INV. IMOB. MOGNO HOTEIS,"30,34","66,8 M"
Fundo Misto: Fundo de Desenvolvimento,MGLC11,MOGNO PROPERTIES,-,-
Tijolo: Imóveis Industriais e Logísticos,MGLG11,MOGNO LOGÍSTICA FUNDO DE INVEST. IMOBILIARIO,"10,40","116,1 M"
Fundo Misto: Indefinido,MGRI11,FII MGRI,"25,02","22,3 M"
Tijolo: Educacional,MINT11,MINT EDUCACIONAL,"4,70","74,8 M"
Fundo Misto: Indefinido,MMPD11,FII MAUA MPD,-,"59,3 M"
Fundo Misto: Indefinido,MMVE11,FII MMVE OP,-,"36,5 M"
Fundo de Fundos: Lajes Corporativas,MOFF11,MULTIOFFICES 2 - FDO. INV. IMOB.,-,"177,2 M"
Papel: Papéis,MORC11,MORE RECEBÍVEIS IMOBILIÁRIOS FII,"7,29","186,5 M"
Papel: Fundo de Fundos,MORE11,MORE REAL ESTATE FOF FII FDO. INV. IMOB.,"2,56","201,5 M"
Tijolo: Lajes Corporativas,MTOF11,MULTIOFFICES 1,-,"152,2 M"
Fundo Misto: Papéis,MTRS11,FDO INV IMOB - BTG PACTUAL METROPOLIS,-,-
Fundo Misto: Misto,MVFI11,FDO INV IMOB MV9,-,"104,3 M"
Papel: Papéis,MXRF11,Maxi Renda,"12,43","4,3 B"
Sem categoria:,MYDW11,,-,-
Sem categoria: Fundo de Fundos,N4V111,,-,-
Fiagro:,NAGR11,,-,-
Papel: Papéis,NAVT11,NAVI IMOBILIÁRIO TOTAL RETURN,"18,14","54,7 M"
Papel: Papéis,NCHB11,FII NCH EQI,"12,84","152,3 M"
Outros: Indefinido,NCHB11B,FII NCH BRA,-,-
Fiagro: Indefinido,NCRA11,NCH EQI Recebíveis do Agronegócio,"15,42","47,1 M"
Papel: Papéis,NCRI11,NAVI CRÉDITO IMOBILIÁRIO,"12,37","40,0 M"
Tijolo: Imóveis Industriais e Logísticos,NEWL11,Newport Logística,"10,39","375,4 M"
Tijolo: Lajes Corporativas,NEWU11,NEWPORT RENDA URBANA FDO INV IMOB,"2,55","53,0 M"
Fiagro: Agricultura,NEXG11,,"2,40","18,0 M"
Sem categoria: Exploração de Imóveis,NIVT11,,-,"9,7 M"
Tijolo: Hospitalar,NSLU11,Hospital Nossa Sra Lourdes,"10,27","266,1 M"
Outros: Indefinido,NSLU11B,FII LOURDES,-,-
FIInfra: Indefinido,NUIF11,,"10,38",-
Tijolo: Hospitalar,NVHO11,Novo Horizonte,"7,64","636,5 M"
Fundo Misto: Fundo de Desenvolvimento,NVIF11B,FII NOVA I,"4,79","84,1 M"
Fip: Indefinido,NVRP11,,-,-
Sem categoria: Imóveis Residenciais,OBAL11,,-,"155,0 M"
Sem categoria: Papéis,OCRE11,,"11,22","42,1 M"
Papel: Indefinido,OGHY11,,"6,08","25,8 M"
FIInfra: Misto,OGIN11,ÓRAMA FIC FI-Infra,"14,61",-
Fiagro: Indefinido,OIAG11,Ourinvest Innovation,"16,08","88,6 M"
Sem categoria: Exploração de Imóveis,ONDV11,,-,"9,7 M"
Tijolo: Lajes Corporativas,ONEF11,The One,"18,31","166,5 M"
Fip:,OPEQ11,,-,-
Fip:,OPHF11,,-,-
Sem categoria: Misto,OPTM11,,-,"5,0 M"
Papel: Fundo de Desenvolvimento,ORPD11,FII OURO PRT,-,"41,8 M"
Papel: Papéis,OUCY11,FII OURICYRE,-,-
Papel: Fundo de Fundos,OUFF11,FDO INV IMOB - OURINVEST FUNDO DE FUNDOS,"12,15","142,5 M"
Papel: Papéis,OUJP11,OURINVEST JPP,"13,84","321,0 M"
Tijolo: Imóveis Industriais e Logísticos,OULG11,FDO INV IMOB OURINVEST LOGÍSTICA,"6,23","158,7 M"
Tijolo: Indefinido,OULG11B,FII OURILOG,-,-
Fundo Misto: Misto,OURE11,Ourinvest Cyrela,"12,33","108,2 M"
Fundo Misto: Fundo de Desenvolvimento,PABY11,Panamby,-,-18.211.733
Sem categoria: Misto,PATA11,,-,"16,0 M"
Tijolo: Lajes Corporativas,PATB11,FDO INV IMOB - FII PATEO BANDEIRANTES,-,"762,2 M"
Fundo Misto: Fundo de Desenvolvimento,PATC11,PÁTRIA-EDIFÍCIOS-CORPORATIVOS-FDO-INV-IMOB,"17,60","143,0 M"
Tijolo: Imóveis Industriais e Logísticos,PATL11,PÁTRIA LOGÍSTICA FUNDO DE INVESTIMENTO IMOBILIÁRIO,"11,79","490,9 M"
Tijolo: Imóveis Industriais e Logísticos,PBLV11,PROLOGIS BRAZIL LOGISTICS VENTURE FDO INV IMOB,"13,34","6,5 B"
Fundo Misto: Indefinido,PCAS11,FII PRAIA CS,-,"343,4 M"
Outros: Indefinido,PDDA11B,FII PEDRA D,-,-
Papel: Papéis,PEMA11,PERFORMA REAL ESTATE,"18,77","37,6 M"
Fip: Indefinido,PFIN11,,-,-
Fip: Indefinido,PICE11,,-,-
Fiagro: Indefinido,PLCA11,Plural BRB Crédito Agro,"15,24","52,9 M"
Papel: Papéis,PLCR11,FDO INV. IMOB. PLURAL RECEBIVEIS,"11,35","193,6 M"
Tijolo: Imóveis Industriais e Logísticos,PLOG11,PLURAL LOGÍSTICA FDO. INV. IMOB.,"13,32","79,6 M"
Papel: Papéis,PLRI11,Polo Recebíveis Imobiliários I,"41,76","19,8 M"
Sem categoria: Misto,PMFO11,,"9,87","74,3 M"
Sem categoria: Misto,PMIS11,,"8,62","118,5 M"
Sem categoria: Imóveis Residenciais,PNCR11,,"20,72","34,5 M"
Fundo Misto: Fundo de Desenvolvimento,PNDL11,PANORAMA DESENVOLVIMENTO LOGÍSTICO,"0,54","143,7 M"
Sem categoria:,PNLM11,,-,-
Fundo Misto: Indefinido,PNLN11,FII LASTMILE,-,"13,8 M"
Fundo Misto: Fundo de Desenvolvimento,PNPR11,PANORAMA PROPERTIES FDO. INVEST. IMOB.,"1,63","67,8 M"
Sem categoria: Indefinido,PNRC11,,"15,81","41,2 M"
Papel: Papéis,PORD11,Polo Recebíveis Imobiliários II,"12,93","358,2 M"
Fip: Indefinido,PPEI11,,-,-
Tijolo: Imóveis Industriais e Logísticos,PQAG11,PARQUE ANHANGUERA FDO. INVEST. IMOB.,"9,10","804,2 M"
Tijolo: Shoppings,PQDP11,Parque Dom Pedro Shopping Center,"10,53","348,1 M"
Fundo Misto: Fundo de Desenvolvimento,PRSN11B,Lateres,"12,03","11,1 M"
Tijolo: Lajes Corporativas,PRSV11,Presidente Vargas,-,"33,8 M"
Tijolo: Shoppings,PRTS11,Multi Properties FII,"0,05","3,1 M"
Fundo Misto: Papéis,PRZS11,PRAZO - FUNDO DE INVESTIMENTO IMOBILIÁRIO,-,"99,7 M"
Sem categoria: Papéis,PULV11,,"8,15","118,5 M"
Sem categoria:,PURB11,,-,-
Tijolo: Lajes Corporativas,PVBI11,FDO. INV. IMOB. VBI PRIME PROPERTIES,"8,61","2,9 B"
Fundo Misto: Indefinido,QAGR11,QUASAR AGRO - FDO INV. IMOB.,"11,25","305,1 M"
Papel: Papéis,QAMI11,QUASAR CRÉDITO IMOBILIÁRIO,"2,01","74,4 M"
Fundo de Fundos: Indefinido,QIFF11,FII QUATA,-,-
Papel: Papéis,QIRI11,QUATA IMOB RECEBÍVEIS IMOB,"0,85","13,4 M"
Fundo de Fundos: Indefinido,QMFF11,FII QUATA,-,-
Tijolo: Imóveis Comerciais - Outros,QTZD11,,-,"4,3 M"
Fundo Misto: Fundo de Desenvolvimento,RBBV11,FII JHSF FBV,-,"126,5 M"
Papel: Papéis,RBCB11,FII RIOBRCIB,-,-
Tijolo: Lajes Corporativas,RBCO11,RB CAPITAL OFFICE INCOME FDO INV. IMOB.,-,-
Fundo Misto: Fundo de Desenvolvimento,RBDS11,RB Capital Desenvolvimento Residencial II,-,"2,4 M"
Tijolo: Educacional,RBED11,Rio Bravo Renda Educacional,"12,09","342,1 M"
Papel: Fundo de Fundos,RBFF11,RIO BRAVO IFIX FDO INV IMOB,"9,95","246,4 M"
Tijolo: Shoppings,RBGS11,FII RB GSB I,-,"97,9 M"
Papel: Papéis,RBHG11,RIO BRAVO CREDITO IMOB HIGH GRADE,"13,88","192,2 M"
Papel: Papéis,RBHY11,RIO BRAVO CRÉDITO IMOB. HIGH YIELD,"15,17","176,9 M"
FIInfra: Indefinido,RBIF11,RIO BRAVO ESG FIC INFRA RENDA FIXA CRÉDITO PRIVADO,"13,00",-
Fundo Misto: Fundo de Desenvolvimento,RBIR11,RB CAPITAL DESENV. RESIDENCIAL IV FDO. INV. IMOB.,"3,24","155,8 M"
Papel: Papéis,RBIV11,FII RBCRI IV,-,-
Tijolo: Imóveis Industriais e Logísticos,RBLG11,RB CAPITAL LOGÍSTICO,"16,76","69,7 M"
Outros: Lajes Corporativas,RBOP11,FII MERC BR,"14,71","78,1 M"
Tijolo: Varejo,RBRD11,RB Capital Renda II,"10,73","125,7 M"
Papel: Fundo de Fundos,RBRF11,RBR ALPHA MULTIESTRATÉGIA REAL ESTATE FDO INV IMOB,"8,78","1,2 B"
Fundo Misto: Fundo de Desenvolvimento,RBRI11,FII RBR III,"2,82","163,1 M"
Tijolo: Imóveis Industriais e Logísticos,RBRL11,RBR LOG FUNDO DE INVESTIMENTO IMOBILIÁRIO,"10,24","680,3 M"
Fundo Misto: Fundo de Desenvolvimento,RBRM11,FDO INV IMOB - FII RBR DESENVOLVIMENTO,"2,11","3,6 M"
Tijolo: Lajes Corporativas,RBRP11,RBR Properties,"8,58","962,4 M"
Papel: Papéis,RBRR11,RBR Rendimento High Grade,"10,20","1,4 B"
Fundo Misto: Fundo de Desenvolvimento,RBRS11,RIO BRAVO RENDA RESIDENCIAL FDO. INVEST. IMOB.,"3,72","159,0 M"
Fundo Misto: Indefinido,RBRX11,FII RBR MULT,"13,35","284,0 M"
Papel: Papéis,RBRY11,FDO INV IMOB RBR PRIVATE CRÉDITO IMOB,"12,90","1,3 B"
Fundo Misto: Fundo de Desenvolvimento,RBTS11,RB CAPITAL TFO SITUS FDO INV IMOB - FII,"23,90","39,9 M"
Tijolo: Varejo,RBVA11,Rio Bravo Renda Varejo,"11,37","1,3 B"
Papel: Papéis,RBVO11,Rio Bravo Crédito Imobiliário II,"13,52","4,6 M"
Fundo Misto: Fundo de Desenvolvimento,RCFA11,GRUPO RCFA FDO INV IMOB,-,"11,5 M"
Papel: Fundo de Fundos,RCFF11,RBR DESENV COMERCIAL FEEDER FOF FDO INVEST IMOB,"2,02","33,4 M"
Sem categoria: Indefinido,RCKF11,,-,-
Tijolo: Lajes Corporativas,RCRB11,FDO INV IMOB RIO BRAVO RENDA CORPORATIVA,"7,90","756,0 M"
Tijolo: Indefinido,RDCI11,,-,"225,8 M"
Outros: Indefinido,RDES11,FII RD ESCRI,-,-
Tijolo: Lajes Corporativas,RDLI11,,-,"105,5 M"
Tijolo: Serviços Financeiros Diversos,RDLS11,,-,"205,1 M"
Papel: Papéis,RDPD11,BB Renda de Papeis Imobiliários II,"21,33","24,1 M"
Outros: Hotéis,RECH11,FII REC HTL,-,-
Tijolo: Lajes Corporativas,RECT11,FDO INV IMOB - FII UBS (BR) OFFICE,"13,40","785,5 M"
Papel: Fundo de Fundos,RECX11,FDO. INV. IMOB. REC FUNDO DE FUNDOS,"9,75","16,1 M"
Papel: Papéis,REIT11,Socopa Fundo de Investimento Imobiliário,"5,68","7,5 M"
Outros: Indefinido,REIT11B,FII REIT RIV,-,-
Tijolo: Imóveis Industriais e Logísticos,RELG11,REC LOGISTICA,"0,87","169,0 M"
Fundo Misto: Serviços Financeiros Diversos,RENV11,,-,"10,0 M"
Fip: Indefinido,REON11,RESIDENCIAIS ONE FUNDO DE INVESTIMENTO IMOBILIÁRIO,-,-
Papel: Fundo de Fundos,RFOF11,FDO. INVEST. IMOB. RB CAPITAL I FUNDO DE FUNDOS,"12,47","82,4 M"
FIInfra: Indefinido,RIFF11,,-,-
Outros: Indefinido,RINV11,REAL INVESTOR FUNDO DE INVESTIMENTO IMOBILIÁRIO,"14,12","208,5 M"
Tijolo: Lajes Corporativas,RMAI11,REAG MULTI ATIVOS IMOBILIÁRIOS,"6,99","248,3 M"
Papel: Papéis,RNDP11,BB Renda de Papéis Imobiliários,"21,15","8,4 M"
Tijolo: Lajes Corporativas,RNGO11,Rio Negro,"9,99","221,6 M"
Fundo Misto: Fundo de Desenvolvimento,ROOF11,FUNDO DE INVESTIMENTO IMOBILIÁRIO ROOFTOP I,"5,74","40,6 M"
Papel: Papéis,RPRI11,FII RBR PR,"12,84","346,8 M"
Papel: Papéis,RRCI11,RB Capital Recebíveis Imobiliários,"13,82","44,1 M"
Fundo Misto: Fundo de Desenvolvimento,RSPD11,RB CAPITAL DESENV RESID III FDO INV IMOB - FII,"6,46","164,8 M"
Sem categoria: Misto,RTEL11,,-,"36,5 M"
Outros: Misto,RURA11,Itau Asset Rural,-,-
Papel: Fundo de Fundos,RVBI11,VBI REITS FOF - FDO. INV. IMOB,"11,96","845,9 M"
Fiagro: Indefinido,RZAG11,FIAGRO RIZA,"15,89","651,8 M"
Papel: Papéis,RZAK11,RIZA AKIN,"16,24","788,1 M"
Outros: Imóveis Industriais e Logísticos,RZAT11,RIZA ARCTIUM REAL ESTATE FDO INV IMOB,"12,76","376,1 M"
Sem categoria:,RZDS11,,-,-
Fiagro: Indefinido,RZEO11,RIZA EOS FDO DE INV NAS CAD PROD - FIAGROO,"4,97","718,7 M"
Fundo Misto: Misto,RZTR11,FUNDO DE INVESTIMENTO IMOBILIÁRIO RIZA TERRAX,"12,80","1,9 B"
Sem categoria: Misto,RZZI11,,-,"34,4 M"
Outros: Agências de Bancos,SAAG11,FII SANT AGE,-,"627,9 M"
Fundo Misto: Indefinido,SACL11,FII S CARLOS,-,-
Papel: Papéis,SADI11,SANTANDER PAPEIS IMOB CDI FDO INV IMOB,"12,67","147,5 M"
Tijolo: Lajes Corporativas,SAIC11B,Sia Corporate,-,"78,8 M"
Fundo Misto: Misto,SALI11,VENUS - FUNDO DE INVESTIMENTO IMOBILIÁRIO,-,"7,2 M"
Sem categoria: Misto,SAPI11,,"8,38","153,3 M"
Fundo Misto: Misto,SARE11,SANTANDER RENDA DE ALUGUÉIS FDO. INVEST. IMOB.,"11,49","813,6 M"
Sem categoria:,SAUS11,,-,-
Tijolo: Imóveis Industriais e Logísticos,SBCL11,FRAM CAPITAL SBCLOG,-,"406,3 K"
Tijolo: Shoppings,SCPF11,SCP,"5,04","49,7 M"
Tijolo: Imóveis Industriais e Logísticos,SDIL11,SDI Logística Rio,"10,00","612,0 M"
Outros: Indefinido,SDIP11,FII SDI PROP,-,-
Fundo Misto: Indefinido,SEED11,FII HEDGE SD,"10,93","152,6 M"
Fundo Misto: Misto,SEQR11,SEQUOIA III RENDA IMOBILIÁRIA,"16,16","154,1 M"
Tijolo: Lajes Corporativas,SFND11,São Fernando,"0,12","2,7 M"
Tijolo: Shoppings,SHDP11B,Shopping Parque Dom Pedro,-,"2,2 B"
Tijolo: Shoppings,SHOP11,Multi Shoppings,-,"64,8 M"
Tijolo: Shoppings,SHPH11,Shopping Patio Higienopolis,"6,26","561,9 M"
Fundo Misto: Indefinido,SHSO11,FII HEDGE SH,-,"19,8 M"
Fundo Misto: Indefinido,SIGR11,FII SIG CAP,"9,33","39,3 M"
Tijolo: Imóveis Industriais e Logísticos,SJAU11,SJ AU LOGÍSTICA,"19,97","498,7 M"
Sem categoria: Fundo de Desenvolvimento,SLDZ11,,-,-18.887
Tijolo: Incorporações,SMRE11,,"3,28","43,2 M"
Fundo Misto: Indefinido,SNEL11,SUNO ENERGIAS LIMPAS FII,"11,02","136,1 M"
Fiagro:,SNFZ11,,-,-
FIInfra: Indefinido,SNID11,SUNO INFRA FI,"12,79",-
FIInfra: Imóveis Industriais e Logísticos,SNLG11,FII SUNO LG,"6,97","65,5 M"
Papel: Indefinido,SNME11,,"10,25","71,2 M"
Tijolo: Imóveis Comerciais - Outros,SOLR11,SOLARIUM FII,"0,45","60,0 M"
Tijolo: Shoppings,SPAF11,SPA Fundo de Investimento Imobiliário – FII,-,"10,8 M"
Sem categoria: Indefinido,SPDE11,,"0,72","97,4 M"
Tijolo: Incorporações,SPGM11,,-,"28,0 M"
Sem categoria: Indefinido,SPMO11,,"0,36","250,6 M"
Tijolo: Lajes Corporativas,SPTW11,SP Downtown,"13,54","103,2 M"
Tijolo: Shoppings,SPVJ11,FUND. INVEST. IMOB. SUCCESPAR VAREJO,-,"705,9 M"
Outros: Lajes Corporativas,SPXC11,,-,-
Tijolo: Logística,SPXG11,,-,-
Tijolo: Logística,SPXL11,,-,-
Fundo Misto: Indefinido,SPXS11,FII SPX SYN,"12,68","192,0 M"
Fundo Misto: Indefinido,SRVD11,SERRA VERDE FUNDO DE INVESTIMENTO IMOBILIÁRIO,"2,76",-1.046.745
Fiagro: Indefinido,STMB11,,-,"35,3 M"
Fundo Misto: Fundo de Desenvolvimento,STRX11,STARX FDO INV IMOB,"5,97","237,4 M"
Tijolo: Lajes Corporativas,TBOF11,TB Office,"5,29","2,1 M"
Papel: Fundo de Fundos,TCIN11,FDO. INVEST. IMOB. TOURMALET V - ED. CIDADE NOVA,-,"106,8 M"
Fundo Misto: Misto,TCPF11,TREECORP REAL ESTATE FDO INV IMOB - I,"25,75","32,5 M"
Fundo Misto: Fundo de Desenvolvimento,TELD11,TELLUS DESENVOLVIMENTO LOGÍSTICO,-,"12,6 M"
Fundo Misto: Indefinido,TELF11,FII-TELF,-,-
Sem categoria: Indefinido,TELM11,,-,-
Tijolo: Lajes Corporativas,TEPP11,TELLUS PROPERTIES - FDO INV. IMOB,"11,00","413,3 M"
Fundo de Fundos: Fundo de Fundos,TFOF11,FII HTOPFOF,-,"103,1 M"
Fundo Misto: Fundo de Desenvolvimento,TGAR11,TG Ativo Real,"13,76","2,7 B"
Tijolo: Lajes Corporativas,THRA11,FII BM THERA,-,"14,1 M"
Outros: Indefinido,THRA11B,FII BM THERA,-,-
Fundo Misto: Indefinido,TJKB11,FII TJK REND,"11,14","208,2 M"
Fundo de Fundos: Fundo de Fundos,TMPS11,ITAÚ TEMPUS FUNDO DE INVESTIMENTO IMOBILIÁRIO,"12,10","98,5 M"
Fundo Misto: Misto,TORD11,TORDESILHAS EI FDO. INV. IMOB.,"2,45","446,8 M"
Sem categoria: Imóveis Industriais e Logísticos,TRBL11,,"9,92","777,4 M"
Tijolo: Lajes Corporativas,TRNT11,Torre Norte,"2,42","792,1 M"
Outros: Indefinido,TRNT11B,FII TORRE NO,-,-
Fundo Misto: Fundo de Desenvolvimento,TRXB11,TRX REAL ESTATE II FDO. INVEST. IMOB.,"8,64","359,4 M"
Tijolo: Imóveis Comerciais - Outros,TRXF11,TRX Real Estate,"11,11","2,1 B"
Tijolo: Indefinido,TRXL11,FII TRX LOG,-,-
Tijolo: Lajes Corporativas,TSER11,TISHMAN SPEYER RENDA CORPORATIVA,"11,40","127,8 M"
Tijolo: Lajes Corporativas,TSNC11,Transinc,-,"88,8 M"
Fundo Misto: Indefinido,TSNM11,TS NEW MARGINAL,-,-
Sem categoria: Agências de Bancos,TVRI11,,"11,08","1,6 B"
Papel: Papéis,UBSR11,FII UBS (BR),-,-
Sem categoria:,UMED11,,-,-
Papel: Outros,URHF11,,"1,19","11,0 M"
Papel: Papéis,URPR11,URCA PRIME RENDA FUNDO DE INVESTIMENTO IMOBILIÁRIO,"15,96","1,2 B"
FIInfra: Indefinido,VANG11,,-,-
Tijolo: Outros,VCHG11,,-,-
Papel: Papéis,VCJR11,VECTIS JUROS REAL FDO INV. IMOB. - FII,"11,56","1,4 B"
Fiagro: Indefinido,VCRA11,FIAGRO VCRA,"16,81","479,7 M"
Papel: Papéis,VCRI11,FII VINCI CR,"12,69","169,9 M"
Tijolo: Imóveis Residenciais,VCRR11,VECTIS RENDA RESIDENCIAL,"12,36","261,2 M"
Sem categoria: Incorporações,VCTH11,,-,"13,5 M"
Fundo Misto: Indefinido,VDSV11,FII VIC VIN,-,"24,9 M"
Tijolo: Imóveis Industriais e Logísticos,VERE11,Vereda,"7,05","302,5 M"
Fundo Misto: Misto,VGHF11,VALORA HEDGE FUND,"13,28","1,5 B"
Fiagro: Indefinido,VGIA11,FIAGRO VGIA,"15,51","830,3 M"
Sem categoria:,VGII11,,-,-
Papel: Papéis,VGIP11,VALORA CRI ÍNDICE DE PREÇO FDO INVEST. IMOB. FII,"11,11","1,1 B"
Papel: Papéis,VGIR11,Valora RE III,"13,52","1,1 B"
Sem categoria:,VGPR11,,-,-
Sem categoria: Misto,VGRI11,,"9,60","325,1 M"
Fundo Misto: Fundo de Desenvolvimento,VIDS11,VIC DESENVOLVIMENTO VINTAGE 20/21,"8,19","81,0 M"
Papel: Fundo de Fundos,VIFI11,VINCI INSTRUMENTOS FINANCEIROS FDO INV IMOB - FII,"10,78","72,3 M"
Fip: Indefinido,VIGT11,,-,-
Tijolo: Imóveis Industriais e Logísticos,VILG11,VINCI LOGÍSTICA FDO INV IMOB,"8,55","1,7 B"
Tijolo: Lajes Corporativas,VINO11,VINCI OFFICES FDO INV IMOB,"11,66","889,3 M"
Tijolo: Shoppings,VISC11,Vinci Shopping Centers,"10,22","3,7 B"
Fundo Misto: Misto,VIUR11,VINCI IMÓVEIS URBANOS,"12,93","238,2 M"
Fundo Misto: Papéis,VJFD11,JFDCAM FUNDO DE INVESTIMENTO IMOBILIÁRIO FII,"7,62","759,3 M"
Fundo Misto: Indefinido,VLIQ11,FII VIFI 2,-,-
Tijolo: Lajes Corporativas,VLJS11,Vector Queluz Lajes Corporativas,-,"23,0 M"
Tijolo: Lajes Corporativas,VLOL11,Vila Olímpia Corporate,"1,89","198,2 M"
Papel: Papéis,VOTS11,Votorantim Securities Master,"13,65","76,6 M"
Tijolo: Shoppings,VPSI11,Polo Shopping Indaiatuba,"22,13","253,7 M"
Sem categoria: Misto,VRTM11,,"7,89","368,6 M"
Papel: Papéis,VSEC11,FDO INV IMOB VOTORANTIM SECURITIES,"38,10","182,3 K"
Tijolo: Shoppings,VSHO11,FDO INV IMOB VOTORANTIM SHOPPING,"10,86","217,9 M"
Papel: Papéis,VSLH11,VERSALHES RECEBÍVEIS IMOBILIÁRIOS,"13,53","315,4 M"
Tijolo: Imóveis Industriais e Logísticos,VTLT11,Votorantim Logística,"11,40","238,7 M"
Papel: Fundo de Fundos,VTPA11,FDO. INVEST. IMOB. VOTORANTIM PATRIMONIAL V,-,"69,0 M"
Papel: Papéis,VTPL11,FDO INV. IMOB. PLUS,-,"99,8 M"
Fundo Misto: Indefinido,VTVI11,PARKING PARTNERS FDO. INVEST. IMOB.,-,"54,5 M"
Fundo Misto: Misto,VTXI11,FDO. INVEST. IMOB. VOTORANTIM PATRIMONIAL XII,-,"644,1 K"
Tijolo: Lajes Corporativas,VVCO11,FII V2EDCORP,-,"140,8 M"
Sem categoria: Papéis,VVCR11,,"12,19","80,0 M"
Tijolo: Lajes Corporativas,VVMR11,,"10,27","312,6 M"
Tijolo: Misto,VVPR11,FDO INV IMOB - V2 PROPERTIES,"0,88","226,0 M"
Fundo Misto: Indefinido,VVRI11,V2 RENDA IMOBILIÁRIA FDO DE INV IMOB,"14,09","81,1 M"
Fundo Misto: Fundo de Desenvolvimento,VXXV11,VX XVI - FDO INV. IMOB.,"27,64","177,5 M"
Fundo Misto: Indefinido,WHGR11,FII WHG REAL,"12,23","291,7 M"
Outros: Indefinido,WMRB11B,FII WM RBCAP,-,-
Tijolo: Shoppings,WPLZ11,Shopping West Plaza,"8,22","94,3 M"
Outros: Indefinido,WPLZ11B,FII W PLAZA,-,-
Sem categoria: Indefinido,WSEC11,,"14,28","24,9 M"
Fundo Misto: Misto,WTSP11B,Ourinvest RE I,"12,30","79,3 M"
Fundo Misto: Indefinido,WVSC11,FII WARREN,-,-
Papel: Fundo de Fundos,XBXO11,R CAP 1810 FUNDO DE FUNDOS,-,"285,6 M"
Fiagro: Indefinido,XPCA11,FIAGRO XP CA,"15,24","431,6 M"
Papel: Papéis,XPCI11,XP CREDITO IMOBILIÁRIO - FDO INV IMOB,"12,20","786,6 M"
Tijolo: Lajes Corporativas,XPCM11,XP Corporate Macaé,"3,65","69,9 M"
Outros: Indefinido,XPGA11,FII XP GAIA,-,-
Tijolo: Hotéis,XPHT11,XP HOTÉIS - FDO INV IMOB,"9,80","582,2 M"
FIInfra: Indefinido,XPID11,XP FDO INV. COTAS FDO INC. INV. EM INFR. R. FIXA,"8,78",-
Fip: Indefinido,XPIE11,,-,-
Tijolo: Imóveis Industriais e Logísticos,XPIN11,XP Industrial,"9,64","752,4 M"
Tijolo: Imóveis Industriais e Logísticos,XPLG11,XP Log,"9,03","3,3 B"
Tijolo: Shoppings,XPML11,XP Malls,"10,27","6,1 B"
Fundo Misto: Lajes Corporativas,XPPR11,XP PROPERTIES FDO. INV. IMOB.,"5,36","465,9 M"
Papel: Fundo de Fundos,XPSF11,XP SELECTION FDO DE FUNDOS INV IMOB - FII,"11,88","360,7 M"
Tijolo: Lajes Corporativas,XTED11,TRX Edifícios Corporativos,-,"67,4 M"
Outros: Indefinido,YCHY11,FII YAGUARA,-,-
Sem categoria: Papéis,YEES11,,-,"5,0 M"
Fundo Misto: Fundo de Desenvolvimento,YUFI11,YUCA FDO INV. IMOB.,"3,43","51,8 M"
Tijolo: Indefinido,YUFI11B,FII YUCA,-,-
Fundo Misto: Serviços Financeiros Diversos,ZAGH11,,"2,58","45,4 M"
Sem categoria: Indefinido,ZAVC11,,"2,96","30,9 M"
Outros: Indefinido,ZAVI11,FII-ZAVIT-R,"12,45","155,0 M"
Fundo Misto: Fundo de Desenvolvimento,ZIFI11,ZION CAPITAL FUNDO DE INVESTIMENTO IMOBILIÁRIO,"0,33","84,5 M"
